Workbook

Sheet Instrucciones
B2: Rediseño WLAN · Captura de lecturas por AP
B3: Sipnology · BBVA · Programa de mejora NPS WLAN
B5: Cómo capturar
B6: 1. | C6: Captura cada lectura en la hoja "Captura": una fila por AP y por hora de lectura.
B7: 2. | C7: Llena solo las columnas amarillas: Fecha, Hora, AP, Usuarios, Utilización de canal e Ingeniero.
B8: 3. | C8: Elige el AP de la lista. Sede, Piso, Nivel y Validación se calculan solos.
B9: 4. | C9: Escribe la utilización como porcentaje: 25% (o 0.25). La celda ya tiene formato de porcentaje.
B10: 5. | C10: Revisa que la columna Validación diga "OK" en todas las filas antes de subir el archivo.
B11: 6. | C11: Sube el archivo completo al portal (Rediseño WLAN → Cargar Excel). Solo se agregan las lecturas nuevas; las que ya existen no se duplican.
B12: 7. | C12: Si aparece un AP nuevo, agrégalo primero en la hoja "Catálogo" (AP, sede y piso) para que esté en la lista.
B14: Ejemplo de una fila bien capturada (solo de referencia; no se carga al portal)
B15: Fecha (ejemplo) | C15: Hora | D15: AP | E15: Usuarios | F15: Utilización de canal | G15: Sede | H15: Piso | I15: Nivel | J15: Validación
B16: 46304 | C16: 0.45833333 | D16: AP-P37-MR56-PUEBLA-01 | E16: 12 | F16: 0.31 | G16: Puebla · Inxignia | H16: Piso 37 | I16: Bueno | J16: OK
B18: Colores
C19: Columna para capturar
C20: Columna calculada: no la edites
C21: Usuarios: Bueno, menos del umbral regular
C22: Usuarios: Regular, del umbral regular al de alarma
C23: Usuarios: Alarmante, más del umbral de alarma (criterio de rediseño)
B25: Los umbrales están en la hoja "Catálogo" (celdas amarillas G5 y G6) y coinciden con los del portal: regular desde 30 y alarmante más de 37 usuarios por AP.

Sheet Resumen
A1: Resumen por sede
A2: Se actualiza con lo capturado en "Captura".
A4: Sede | B4: AP en catálogo | C4: Última fecha capturada | D4: Lecturas en Captura | E4: Promedio de usuarios (Captura) | F4: Pico de usuarios (Captura) | G4: Filas con observaciones
A5: Puebla · Inxignia | B5: =COUNTIF(Catálogo!$B$5:$B$2000,A5) -> 7 | C5: =IF(_xlfn.MAXIFS(Captura!$A$5:$A$604,Captura!$G$5:$G$604,A5)=0,"Sin lecturas",_xlfn.MAXIFS(Captura!$A$5:$A$604,Captura!$G$5:$G$604,A5)) -> Sin lecturas | D5: =COUNTIFS(Captura!$G$5:$G$604,A5,Captura!$D$5:$D$604,"<>") -> 0 | E5: =IFERROR(AVERAGEIFS(Captura!$D$5:$D$604,Captura!$G$5:$G$604,A5),"—") -> — | F5: =IF(D5=0,"—",_xlfn.MAXIFS(Captura!$D$5:$D$604,Captura!$G$5:$G$604,A5)) -> — | G5: =COUNTIFS(Captura!$G$5:$G$604,A5,Captura!$J$5:$J$604,"<>OK",Captura!$J$5:$J$604,"<>") -> 0
A6: Monterrey · Obispado | B6: =COUNTIF(Catálogo!$B$5:$B$2000,A6) -> 19 | C6: =IF(_xlfn.MAXIFS(Captura!$A$5:$A$604,Captura!$G$5:$G$604,A6)=0,"Sin lecturas",_xlfn.MAXIFS(Captura!$A$5:$A$604,Captura!$G$5:$G$604,A6)) -> Sin lecturas | D6: =COUNTIFS(Captura!$G$5:$G$604,A6,Captura!$D$5:$D$604,"<>") -> 0 | E6: =IFERROR(AVERAGEIFS(Captura!$D$5:$D$604,Captura!$G$5:$G$604,A6),"—") -> — | F6: =IF(D6=0,"—",_xlfn.MAXIFS(Captura!$D$5:$D$604,Captura!$G$5:$G$604,A6)) -> — | G6: =COUNTIFS(Captura!$G$5:$G$604,A6,Captura!$J$5:$J$604,"<>OK",Captura!$J$5:$J$604,"<>") -> 0
A7: León · City Center | B7: =COUNTIF(Catálogo!$B$5:$B$2000,A7) -> 8 | C7: =IF(_xlfn.MAXIFS(Captura!$A$5:$A$604,Captura!$G$5:$G$604,A7)=0,"Sin lecturas",_xlfn.MAXIFS(Captura!$A$5:$A$604,Captura!$G$5:$G$604,A7)) -> Sin lecturas | D7: =COUNTIFS(Captura!$G$5:$G$604,A7,Captura!$D$5:$D$604,"<>") -> 0 | E7: =IFERROR(AVERAGEIFS(Captura!$D$5:$D$604,Captura!$G$5:$G$604,A7),"—") -> — | F7: =IF(D7=0,"—",_xlfn.MAXIFS(Captura!$D$5:$D$604,Captura!$G$5:$G$604,A7)) -> — | G7: =COUNTIFS(Captura!$G$5:$G$604,A7,Captura!$J$5:$J$604,"<>OK",Captura!$J$5:$J$604,"<>") -> 0
A8: Guadalajara · Landmark | B8: =COUNTIF(Catálogo!$B$5:$B$2000,A8) -> 7 | C8: =IF(_xlfn.MAXIFS(Captura!$A$5:$A$604,Captura!$G$5:$G$604,A8)=0,"Sin lecturas",_xlfn.MAXIFS(Captura!$A$5:$A$604,Captura!$G$5:$G$604,A8)) -> Sin lecturas | D8: =COUNTIFS(Captura!$G$5:$G$604,A8,Captura!$D$5:$D$604,"<>") -> 0 | E8: =IFERROR(AVERAGEIFS(Captura!$D$5:$D$604,Captura!$G$5:$G$604,A8),"—") -> — | F8: =IF(D8=0,"—",_xlfn.MAXIFS(Captura!$D$5:$D$604,Captura!$G$5:$G$604,A8)) -> — | G8: =COUNTIFS(Captura!$G$5:$G$604,A8,Captura!$J$5:$J$604,"<>OK",Captura!$J$5:$J$604,"<>") -> 0
A9: Tijuana | B9: =COUNTIF(Catálogo!$B$5:$B$2000,A9) -> 9 | C9: =IF(_xlfn.MAXIFS(Captura!$A$5:$A$604,Captura!$G$5:$G$604,A9)=0,"Sin lecturas",_xlfn.MAXIFS(Captura!$A$5:$A$604,Captura!$G$5:$G$604,A9)) -> Sin lecturas | D9: =COUNTIFS(Captura!$G$5:$G$604,A9,Captura!$D$5:$D$604,"<>") -> 0 | E9: =IFERROR(AVERAGEIFS(Captura!$D$5:$D$604,Captura!$G$5:$G$604,A9),"—") -> — | F9: =IF(D9=0,"—",_xlfn.MAXIFS(Captura!$D$5:$D$604,Captura!$G$5:$G$604,A9)) -> — | G9: =COUNTIFS(Captura!$G$5:$G$604,A9,Captura!$J$5:$J$604,"<>OK",Captura!$J$5:$J$604,"<>") -> 0
A10: Total | B10: =SUM(B5:B9) -> 50 | D10: =SUM(D5:D9) -> 0 | G10: =COUNTIFS(Captura!$J$5:$J$604,"<>OK",Captura!$J$5:$J$604,"<>") -> 600
A12: Antes de subir el archivo al portal, la columna "Filas con observaciones" debe estar en 0.

Sheet Captura
A1: Captura de lecturas
A2: Una fila por AP y por hora. Llena las columnas amarillas; las grises se calculan. Sube este archivo completo al portal.
A4: Fecha | B4: Hora | C4: AP | D4: Usuarios | E4: Utilización de canal | F4: Ingeniero | G4: Sede | H4: Piso | I4: Nivel | J4: Validación | K4: Notas
G5: =IF(C5="","",IFERROR(INDEX(Catálogo!$B$5:$B$2000,MATCH(C5,Catálogo!$A$5:$A$2000,0)),"")) | H5: =IF(C5="","",IFERROR(INDEX(Catálogo!$C$5:$C$2000,MATCH(C5,Catálogo!$A$5:$A$2000,0)),"")) | I5: =IF(D5="","",IF(D5>UmbralAlarma,"Alarmante",IF(D5>=UmbralRegular,"Regular","Bueno"))) | J5: =IF(COUNTA(A5:F5)=0,"",IF(OR(A5="",B5="",C5="",D5=""),"Faltan datos",IF(G5="","AP no está en el catálogo",IF(A5>TODAY()+1,"Fecha futura",IF(OR(D5<0,D5<>INT(D5)),"Usuarios no válidos",IF(AND(E5<>"",OR(E5<0,E5>1)),"Utilización fuera de 0-100%",IF(COUNTIFS($A$5:$A$604,A5,$B$5:$B$604,B5,$C$5:$C$604,C5)>1,"Fila duplicada","OK")))))))
G6: =IF(C6="","",IFERROR(INDEX(Catálogo!$B$5:$B$2000,MATCH(C6,Catálogo!$A$5:$A$2000,0)),"")) | H6: =IF(C6="","",IFERROR(INDEX(Catálogo!$C$5:$C$2000,MATCH(C6,Catálogo!$A$5:$A$2000,0)),"")) | I6: =IF(D6="","",IF(D6>UmbralAlarma,"Alarmante",IF(D6>=UmbralRegular,"Regular","Bueno"))) | J6: =IF(COUNTA(A6:F6)=0,"",IF(OR(A6="",B6="",C6="",D6=""),"Faltan datos",IF(G6="","AP no está en el catálogo",IF(A6>TODAY()+1,"Fecha futura",IF(OR(D6<0,D6<>INT(D6)),"Usuarios no válidos",IF(AND(E6<>"",OR(E6<0,E6>1)),"Utilización fuera de 0-100%",IF(COUNTIFS($A$5:$A$604,A6,$B$5:$B$604,B6,$C$5:$C$604,C6)>1,"Fila duplicada","OK")))))))
G7: =IF(C7="","",IFERROR(INDEX(Catálogo!$B$5:$B$2000,MATCH(C7,Catálogo!$A$5:$A$2000,0)),"")) | H7: =IF(C7="","",IFERROR(INDEX(Catálogo!$C$5:$C$2000,MATCH(C7,Catálogo!$A$5:$A$2000,0)),"")) | I7: =IF(D7="","",IF(D7>UmbralAlarma,"Alarmante",IF(D7>=UmbralRegular,"Regular","Bueno"))) | J7: =IF(COUNTA(A7:F7)=0,"",IF(OR(A7="",B7="",C7="",D7=""),"Faltan datos",IF(G7="","AP no está en el catálogo",IF(A7>TODAY()+1,"Fecha futura",IF(OR(D7<0,D7<>INT(D7)),"Usuarios no válidos",IF(AND(E7<>"",OR(E7<0,E7>1)),"Utilización fuera de 0-100%",IF(COUNTIFS($A$5:$A$604,A7,$B$5:$B$604,B7,$C$5:$C$604,C7)>1,"Fila duplicada","OK")))))))
G8: =IF(C8="","",IFERROR(INDEX(Catálogo!$B$5:$B$2000,MATCH(C8,Catálogo!$A$5:$A$2000,0)),"")) | H8: =IF(C8="","",IFERROR(INDEX(Catálogo!$C$5:$C$2000,MATCH(C8,Catálogo!$A$5:$A$2000,0)),"")) | I8: =IF(D8="","",IF(D8>UmbralAlarma,"Alarmante",IF(D8>=UmbralRegular,"Regular","Bueno"))) | J8: =IF(COUNTA(A8:F8)=0,"",IF(OR(A8="",B8="",C8="",D8=""),"Faltan datos",IF(G8="","AP no está en el catálogo",IF(A8>TODAY()+1,"Fecha futura",IF(OR(D8<0,D8<>INT(D8)),"Usuarios no válidos",IF(AND(E8<>"",OR(E8<0,E8>1)),"Utilización fuera de 0-100%",IF(COUNTIFS($A$5:$A$604,A8,$B$5:$B$604,B8,$C$5:$C$604,C8)>1,"Fila duplicada","OK")))))))
G9: =IF(C9="","",IFERROR(INDEX(Catálogo!$B$5:$B$2000,MATCH(C9,Catálogo!$A$5:$A$2000,0)),"")) | H9: =IF(C9="","",IFERROR(INDEX(Catálogo!$C$5:$C$2000,MATCH(C9,Catálogo!$A$5:$A$2000,0)),"")) | I9: =IF(D9="","",IF(D9>UmbralAlarma,"Alarmante",IF(D9>=UmbralRegular,"Regular","Bueno"))) | J9: =IF(COUNTA(A9:F9)=0,"",IF(OR(A9="",B9="",C9="",D9=""),"Faltan datos",IF(G9="","AP no está en el catálogo",IF(A9>TODAY()+1,"Fecha futura",IF(OR(D9<0,D9<>INT(D9)),"Usuarios no válidos",IF(AND(E9<>"",OR(E9<0,E9>1)),"Utilización fuera de 0-100%",IF(COUNTIFS($A$5:$A$604,A9,$B$5:$B$604,B9,$C$5:$C$604,C9)>1,"Fila duplicada","OK")))))))
G10: =IF(C10="","",IFERROR(INDEX(Catálogo!$B$5:$B$2000,MATCH(C10,Catálogo!$A$5:$A$2000,0)),"")) | H10: =IF(C10="","",IFERROR(INDEX(Catálogo!$C$5:$C$2000,MATCH(C10,Catálogo!$A$5:$A$2000,0)),"")) | I10: =IF(D10="","",IF(D10>UmbralAlarma,"Alarmante",IF(D10>=UmbralRegular,"Regular","Bueno"))) | J10: =IF(COUNTA(A10:F10)=0,"",IF(OR(A10="",B10="",C10="",D10=""),"Faltan datos",IF(G10="","AP no está en el catálogo",IF(A10>TODAY()+1,"Fecha futura",IF(OR(D10<0,D10<>INT(D10)),"Usuarios no válidos",IF(AND(E10<>"",OR(E10<0,E10>1)),"Utilización fuera de 0-100%",IF(COUNTIFS($A$5:$A$604,A10,$B$5:$B$604,B10,$C$5:$C$604,C10)>1,"Fila duplicada","OK")))))))
G11: =IF(C11="","",IFERROR(INDEX(Catálogo!$B$5:$B$2000,MATCH(C11,Catálogo!$A$5:$A$2000,0)),"")) | H11: =IF(C11="","",IFERROR(INDEX(Catálogo!$C$5:$C$2000,MATCH(C11,Catálogo!$A$5:$A$2000,0)),"")) | I11: =IF(D11="","",IF(D11>UmbralAlarma,"Alarmante",IF(D11>=UmbralRegular,"Regular","Bueno"))) | J11: =IF(COUNTA(A11:F11)=0,"",IF(OR(A11="",B11="",C11="",D11=""),"Faltan datos",IF(G11="","AP no está en el catálogo",IF(A11>TODAY()+1,"Fecha futura",IF(OR(D11<0,D11<>INT(D11)),"Usuarios no válidos",IF(AND(E11<>"",OR(E11<0,E11>1)),"Utilización fuera de 0-100%",IF(COUNTIFS($A$5:$A$604,A11,$B$5:$B$604,B11,$C$5:$C$604,C11)>1,"Fila duplicada","OK")))))))
G12: =IF(C12="","",IFERROR(INDEX(Catálogo!$B$5:$B$2000,MATCH(C12,Catálogo!$A$5:$A$2000,0)),"")) | H12: =IF(C12="","",IFERROR(INDEX(Catálogo!$C$5:$C$2000,MATCH(C12,Catálogo!$A$5:$A$2000,0)),"")) | I12: =IF(D12="","",IF(D12>UmbralAlarma,"Alarmante",IF(D12>=UmbralRegular,"Regular","Bueno"))) | J12: =IF(COUNTA(A12:F12)=0,"",IF(OR(A12="",B12="",C12="",D12=""),"Faltan datos",IF(G12="","AP no está en el catálogo",IF(A12>TODAY()+1,"Fecha futura",IF(OR(D12<0,D12<>INT(D12)),"Usuarios no válidos",IF(AND(E12<>"",OR(E12<0,E12>1)),"Utilización fuera de 0-100%",IF(COUNTIFS($A$5:$A$604,A12,$B$5:$B$604,B12,$C$5:$C$604,C12)>1,"Fila duplicada","OK")))))))
G13: =IF(C13="","",IFERROR(INDEX(Catálogo!$B$5:$B$2000,MATCH(C13,Catálogo!$A$5:$A$2000,0)),"")) | H13: =IF(C13="","",IFERROR(INDEX(Catálogo!$C$5:$C$2000,MATCH(C13,Catálogo!$A$5:$A$2000,0)),"")) | I13: =IF(D13="","",IF(D13>UmbralAlarma,"Alarmante",IF(D13>=UmbralRegular,"Regular","Bueno"))) | J13: =IF(COUNTA(A13:F13)=0,"",IF(OR(A13="",B13="",C13="",D13=""),"Faltan datos",IF(G13="","AP no está en el catálogo",IF(A13>TODAY()+1,"Fecha futura",IF(OR(D13<0,D13<>INT(D13)),"Usuarios no válidos",IF(AND(E13<>"",OR(E13<0,E13>1)),"Utilización fuera de 0-100%",IF(COUNTIFS($A$5:$A$604,A13,$B$5:$B$604,B13,$C$5:$C$604,C13)>1,"Fila duplicada","OK")))))))
G14: =IF(C14="","",IFERROR(INDEX(Catálogo!$B$5:$B$2000,MATCH(C14,Catálogo!$A$5:$A$2000,0)),"")) | H14: =IF(C14="","",IFERROR(INDEX(Catálogo!$C$5:$C$2000,MATCH(C14,Catálogo!$A$5:$A$2000,0)),"")) | I14: =IF(D14="","",IF(D14>UmbralAlarma,"Alarmante",IF(D14>=UmbralRegular,"Regular","Bueno"))) | J14: =IF(COUNTA(A14:F14)=0,"",IF(OR(A14="",B14="",C14="",D14=""),"Faltan datos",IF(G14="","AP no está en el catálogo",IF(A14>TODAY()+1,"Fecha futura",IF(OR(D14<0,D14<>INT(D14)),"Usuarios no válidos",IF(AND(E14<>"",OR(E14<0,E14>1)),"Utilización fuera de 0-100%",IF(COUNTIFS($A$5:$A$604,A14,$B$5:$B$604,B14,$C$5:$C$604,C14)>1,"Fila duplicada","OK")))))))
G15: =IF(C15="","",IFERROR(INDEX(Catálogo!$B$5:$B$2000,MATCH(C15,Catálogo!$A$5:$A$2000,0)),"")) | H15: =IF(C15="","",IFERROR(INDEX(Catálogo!$C$5:$C$2000,MATCH(C15,Catálogo!$A$5:$A$2000,0)),"")) | I15: =IF(D15="","",IF(D15>UmbralAlarma,"Alarmante",IF(D15>=UmbralRegular,"Regular","Bueno"))) | J15: =IF(COUNTA(A15:F15)=0,"",IF(OR(A15="",B15="",C15="",D15=""),"Faltan datos",IF(G15="","AP no está en el catálogo",IF(A15>TODAY()+1,"Fecha futura",IF(OR(D15<0,D15<>INT(D15)),"Usuarios no válidos",IF(AND(E15<>"",OR(E15<0,E15>1)),"Utilización fuera de 0-100%",IF(COUNTIFS($A$5:$A$604,A15,$B$5:$B$604,B15,$C$5:$C$604,C15)>1,"Fila duplicada","OK")))))))
G16: =IF(C16="","",IFERROR(INDEX(Catálogo!$B$5:$B$2000,MATCH(C16,Catálogo!$A$5:$A$2000,0)),"")) | H16: =IF(C16="","",IFERROR(INDEX(Catálogo!$C$5:$C$2000,MATCH(C16,Catálogo!$A$5:$A$2000,0)),"")) | I16: =IF(D16="","",IF(D16>UmbralAlarma,"Alarmante",IF(D16>=UmbralRegular,"Regular","Bueno"))) | J16: =IF(COUNTA(A16:F16)=0,"",IF(OR(A16="",B16="",C16="",D16=""),"Faltan datos",IF(G16="","AP no está en el catálogo",IF(A16>TODAY()+1,"Fecha futura",IF(OR(D16<0,D16<>INT(D16)),"Usuarios no válidos",IF(AND(E16<>"",OR(E16<0,E16>1)),"Utilización fuera de 0-100%",IF(COUNTIFS($A$5:$A$604,A16,$B$5:$B$604,B16,$C$5:$C$604,C16)>1,"Fila duplicada","OK")))))))
... G604: =IF(C604="","",IFERROR(INDEX(Catálogo!$B$5:$B$2000,MATCH(C604,Catálogo!$A$5:$A$2000,0)),"")) | H604: =IF(C604="","",IFERROR(INDEX(Catálogo!$C$5:$C$2000,MATCH(C604,Catálogo!$A$5:$A$2000,0)),"")) | I604: =IF(D604="","",IF(D604>UmbralAlarma,"Alarmante",IF(D604>=UmbralRegular,"Regular","Bueno"))) | J604: =IF(COUNTA(A604:F604)=0,"",IF(OR(A604="",B604="",C604="",D604=""),"Faltan datos",IF(G604="","AP no está en el catálogo",IF(A604>TODAY()+1,"Fecha futura",IF(OR(D604<0,D604<>INT(D604)),"Usuarios no válidos",IF(AND(E604<>"",OR(E604<0,E604>1)),"Utilización fuera de 0-100%",IF(COUNTIFS($A$5:$A$604,A604,$B$5:$B$604,B604,$C$5:$C$604,C604)>1,"Fila duplicada","OK")))))))

Sheet Catálogo
A1: Catálogo de AP
A2: Agrega aquí los AP nuevos antes de capturarlos. La lista de la hoja "Captura" se actualiza sola.
A4: AP | B4: Sede | C4: Piso | F4: Parámetros
A5: AP-P37-MR56-PUEBLA-01 | B5: Puebla · Inxignia | C5: Piso 37 | F5: Umbral regular (usuarios por AP, desde) | G5: 30
A6: AP-P37-MR56-PUEBLA-02 | B6: Puebla · Inxignia | C6: Piso 37 | F6: Umbral de alarma (usuarios por AP, más de) | G6: 37
A7: AP-P37-MR56-PUEBLA-03 | B7: Puebla · Inxignia | C7: Piso 37
A8: AP-P37-MR56-PUEBLA-04 | B8: Puebla · Inxignia | C8: Piso 37 | F8: Sedes
A9: AP-P37-MR56-PUEBLA-05 | B9: Puebla · Inxignia | C9: Piso 37 | F9: Puebla · Inxignia
A10: AP-P37-MR56-PUEBLA-06 | B10: Puebla · Inxignia | C10: Piso 37 | F10: Monterrey · Obispado
A11: AP-P37-MR56-PUEBLA-07 | B11: Puebla · Inxignia | C11: Piso 37 | F11: León · City Center
A12: AP-P28-MR56-MTY-01 | B12: Monterrey · Obispado | C12: Piso 28 | F12: Guadalajara · Landmark
A13: AP-P28-MR56-MTY-02 | B13: Monterrey · Obispado | C13: Piso 28 | F13: Tijuana
A14: AP-P28-MR56-MTY-03 | B14: Monterrey · Obispado | C14: Piso 28
A15: AP-P28-MR56-MTY-04 | B15: Monterrey · Obispado | C15: Piso 28
A16: AP-P28-MR56-MTY-05 | B16: Monterrey · Obispado | C16: Piso 28
A17: AP-P28-MR56-MTY-06 | B17: Monterrey · Obispado | C17: Piso 28
A18: AP-P28-MR56-MTY-07 | B18: Monterrey · Obispado | C18: Piso 28
A19: AP-P28-MR56-MTY-08 | B19: Monterrey · Obispado | C19: Piso 28
A20: AP-P28-MR56-MTY-09 | B20: Monterrey · Obispado | C20: Piso 28
A21: AP-P28-MR56-MTY-10 | B21: Monterrey · Obispado | C21: Piso 28
A22: AP-P32-MR56-MTY-01 | B22: Monterrey · Obispado | C22: Piso 32
A23: AP-P32-MR56-MTY-02 | B23: Monterrey · Obispado | C23: Piso 32
A24: AP-P32-MR56-MTY-03 | B24: Monterrey · Obispado | C24: Piso 32
A25: AP-P32-MR56-MTY-04 | B25: Monterrey · Obispado | C25: Piso 32
... A54: AP-P17-MR56-TIJUANA-09 | B54: Tijuana | C54: Piso 17
